{"$schema":"http://schema.management.azure.com/schemas/2015-01-01/deploymentTemplate.json#","contentVersion":"1.0.0.0","parameters":{"tk-lpt-0414;WideWorldImportersDW":{"type":"string"},"WWILakehouse":{"type":"string"}},"variables":{},"resources":[{"name":"IngestDataFromOnpremToLakehouse","type":"pipelines","apiVersion":"2018-06-01","properties":{"activities":[{"name":"Copy data1","type":"Copy","dependsOn":[],"policy":{"timeout":"0.12:00:00","retry":0,"retryIntervalInSeconds":30,"secureOutput":false,"secureInput":false},"typeProperties":{"source":{"type":"SqlServerSource","queryTimeout":"02:00:00","partitionOption":"None","datasetSettings":{"annotations":[],"type":"SqlServerTable","schema":[],"typeProperties":{"schema":"dbo","table":"Sales.Orders","database":"WideWorldImportersDW"},"externalReferences":{"connection":"[parameters('tk-lpt-0414;WideWorldImportersDW')]"}}},"sink":{"type":"LakehouseTableSink","tableActionOption":"Append","partitionOption":"None","datasetSettings":{"annotations":[],"linkedService":{"name":"WWILakehouse","properties":{"annotations":[],"type":"Lakehouse","typeProperties":{"workspaceId":"0034a6a3-d5b5-43b5-b470-665be08fb61f","artifactId":"[parameters('WWILakehouse')]","rootFolder":"Tables"}}},"type":"LakehouseTable","schema":[],"typeProperties":{"table":"wwi_Sales_Orders"}}},"enableStaging":false,"translator":{"type":"TabularTranslator","typeConversion":true,"typeConversionSettings":{"allowDataTruncation":true,"treatBooleanAsNumber":false}}}}],"lastModifiedByObjectId":"d96214e3-6765-4feb-b716-987705527790","lastPublishTime":"2025-07-21T09:17:36Z"},"dependsOn":[]}]}